{"accuracy": [0.822490930557251, 0.8996087908744812, 0.9324418306350708, 0.9490717649459839, 0.9622732996940613, 0.9667686223983765, 0.9736965894699097, 0.979642927646637, 0.9799274206161499, 0.9827299118041992], "loss": [0.5663502216339111, 0.30812227725982666, 0.2079874575138092, 0.15564076602458954, 0.11547259986400604, 0.10005363821983337, 0.08014038950204849, 0.06392750144004822, 0.062187325209379196, 0.05339844524860382], "val_accuracy": [0.8931254148483276, 0.912417471408844, 0.9389938712120056, 0.9383109211921692, 0.9498065114021301, 0.9432051181793213, 0.9540177583694458, 0.9607329964637756, 0.9629524350166321, 0.9669929146766663], "val_loss": [0.3384767472743988, 0.2707747519016266, 0.1971895694732666, 0.18655072152614594, 0.17396818101406097, 0.18281298875808716, 0.15805526077747345, 0.13226227462291718, 0.1350124031305313, 0.11147590726613998]}